rank,domain,url
250001,yspu.org,https://yspu.org/
250051,terrace-house.jp,https://terrace-house.jp/
250101,unedic.org,https://unedic.org/
250151,xrdz.io,https://xrdz.io/
250201,bhic.nl,https://bhic.nl/
250251,icmr.gov.in,https://icmr.gov.in/
250301,gettechcloud.com,https://gettechcloud.com/
250351,unihost.kz,https://unihost.kz/
250401,casino.guide,https://casino.guide/
250451,hibachi.xyz,https://hibachi.xyz/
250501,rocketnews.site,https://rocketnews.site/
250551,betkong291.com,https://betkong291.com/
250601,alcorn.edu,https://alcorn.edu/
250651,e-os.de,https://e-os.de/
250701,swapped.com,https://swapped.com/
250751,maxiol.com,https://maxiol.com/
250801,registerednursern.com,https://registerednursern.com/
250851,tocris.com,https://tocris.com/
250901,hapoit.ru,https://hapoit.ru/
250951,and-home.cn,https://and-home.cn/
251001,freestreams-live1.com,https://freestreams-live1.com/
251051,acebrisk.com,https://acebrisk.com/
251101,meltontackle.com,https://meltontackle.com/
251151,panaprium.com,https://panaprium.com/
251201,pathlegal.com,https://pathlegal.com/
251251,rmpos.com,https://rmpos.com/
251301,peopleanswers.com,https://peopleanswers.com/
251351,caneurope.org,https://caneurope.org/
251401,firstinterstatebank.info,https://firstinterstatebank.info/
251451,scalia.nl,https://scalia.nl/
251501,mocup.org,https://mocup.org/
251551,mindbreeze.com,https://mindbreeze.com/
251601,charityextra.com,https://charityextra.com/
251651,a24plus.ru,https://a24plus.ru/
251701,spong.com,https://spong.com/
251751,dalong.net,https://dalong.net/
251801,trockenbau-pinneberg.de,https://trockenbau-pinneberg.de/
251851,baypath.edu,https://baypath.edu/
251901,amf.com,https://amf.com/
251951,sessiongirls.com,https://sessiongirls.com/
252001,goodcustomers.ru,https://goodcustomers.ru/
252051,spottedbylocals.com,https://spottedbylocals.com/
252101,dnsbeta.com,https://dnsbeta.com/
252151,racialequitytools.org,https://racialequitytools.org/
252201,murata.co.jp,https://murata.co.jp/
252251,sialparis.com,https://sialparis.com/
252301,lalkarnews.com,https://lalkarnews.com/
252351,esp32.com,https://esp32.com/
252401,pointnclick.com,https://pointnclick.com/
252451,windyty.com,https://windyty.com/
252501,markmail.org,https://markmail.org/
252551,polevaultpower.com,https://polevaultpower.com/
252601,foxcdn.net,https://foxcdn.net/
252651,smartify.org,https://smartify.org/
252701,complete-jobs.co.uk,https://complete-jobs.co.uk/
252751,server115.net,https://server115.net/
252801,pdfeditorprotech.live,https://pdfeditorprotech.live/
252851,theeptoah.com,https://theeptoah.com/
252901,vpravda.ru,https://vpravda.ru/
252951,dl.cn,https://dl.cn/
253001,uno-fluechtlingshilfe.de,https://uno-fluechtlingshilfe.de/
253051,tacoma4g.com,https://tacoma4g.com/
253101,martinelli.es,https://martinelli.es/
253151,unlimited-flow-api.ru,https://unlimited-flow-api.ru/
253201,voxhd.com.br,https://voxhd.com.br/
253251,vincispin.com.pl,https://vincispin.com.pl/
253301,livecasinos.com,https://livecasinos.com/
253351,yt-industries.com,https://yt-industries.com/
253401,brakesband.com,https://brakesband.com/
253451,charpstar.net,https://charpstar.net/
253501,iainpare.ac.id,https://iainpare.ac.id/
253551,slotscapital.org,https://slotscapital.org/
253601,jialika.com,https://jialika.com/
253651,frontiermyanmar.net,https://frontiermyanmar.net/
253701,six9ja.com,https://six9ja.com/
253751,social-searcher.com,https://social-searcher.com/
253801,gadgetversus.com,https://gadgetversus.com/
253851,a171jys.top,https://a171jys.top/
253901,nativeshoes.com,https://nativeshoes.com/
253951,eunet.cz,https://eunet.cz/
254001,andersonkenya1.net,https://andersonkenya1.net/
254051,visitazores.com,https://visitazores.com/
254101,vipole.com,https://vipole.com/
254151,pravda-sotrudnikov.ru,https://pravda-sotrudnikov.ru/
254201,iitj.ac.in,https://iitj.ac.in/
254251,whitecapsfc.com,https://whitecapsfc.com/
254301,piramid.com.ua,https://piramid.com.ua/
254351,privatejewelsfitness.com,https://privatejewelsfitness.com/
254401,animalnewyork.com,https://animalnewyork.com/
254451,govhub.com,https://govhub.com/
254501,phpbb-fr.com,https://phpbb-fr.com/
254551,dartsturm.de,https://dartsturm.de/
254601,rcs.co.za,https://rcs.co.za/
254651,clodenew.com,https://clodenew.com/
254701,akitorg.ru,https://akitorg.ru/
254751,ysepan.com,https://ysepan.com/
254801,anime.nexus,https://anime.nexus/
254851,kochketo.de,https://kochketo.de/
254901,hotosm.org,https://hotosm.org/
254951,cohley.com,https://cohley.com/
255001,cloudshift.io,https://cloudshift.io/
255051,margoworld.pl,https://margoworld.pl/
255101,netflixlabs.com,https://netflixlabs.com/
255151,retrov.ru,https://retrov.ru/
255201,github.de,https://github.de/
255251,virginholidays.co.uk,https://virginholidays.co.uk/
255301,shanda.com.cn,https://shanda.com.cn/
255351,dataspaces.com,https://dataspaces.com/
255401,hyazjrvos.com,https://hyazjrvos.com/
255451,1xbet.com.gh,https://1xbet.com.gh/
255501,xn----ctbdebgmm8akd5bzixa.xn--p1ai,https://xn----ctbdebgmm8akd5bzixa.xn--p1ai/
255551,clayops.com,https://clayops.com/
255601,motley.com,https://motley.com/
255651,findsgood.com,https://findsgood.com/
255701,datachinacn.com,https://datachinacn.com/
255751,inkryptvideos.com,https://inkryptvideos.com/
255801,msj.edu,https://msj.edu/
255851,exchange4study.com,https://exchange4study.com/
255901,anywhere.com,https://anywhere.com/
255951,diegebetszeiten.de,https://diegebetszeiten.de/
256001,p4ed.com,https://p4ed.com/
256051,yqwsa.net,https://yqwsa.net/
256101,ptimgs.com,https://ptimgs.com/
256151,lembagakampusmandalawaluya.ac.id,https://lembagakampusmandalawaluya.ac.id/
256201,swig.gy,https://swig.gy/
256251,freshprints.com,https://freshprints.com/
256301,freshop.com,https://freshop.com/
256351,rgsdns.net,https://rgsdns.net/
256401,bot.ax,https://bot.ax/
256451,fisioterapia-online.com,https://fisioterapia-online.com/
256501,udpf.com,https://udpf.com/
256551,assaabloyentrance.com,https://assaabloyentrance.com/
256601,reallygoodstuff.com,https://reallygoodstuff.com/
256651,webshark.hu,https://webshark.hu/
256701,housebeautytips.com,https://housebeautytips.com/
256751,epcounty.com,https://epcounty.com/
256801,flare.com,https://flare.com/
256851,elidee.com,https://elidee.com/
256901,evergreencatalog.com,https://evergreencatalog.com/
256951,trtafrika.com,https://trtafrika.com/
257001,halodoctor.pl,https://halodoctor.pl/
257051,ezrankings.com,https://ezrankings.com/
257101,adionsystems.com,https://adionsystems.com/
257151,sportspersia.com,https://sportspersia.com/
257201,inbot.com.br,https://inbot.com.br/
257251,implenia.com,https://implenia.com/
257301,gametyrant.com,https://gametyrant.com/
257351,dinohero.com,https://dinohero.com/
257401,bcmw.co,https://bcmw.co/
257451,checkpay.de,https://checkpay.de/
257501,logoshowcase.co,https://logoshowcase.co/
257551,gamblingnotes.co.uk,https://gamblingnotes.co.uk/
257601,freerateupdate.com,https://freerateupdate.com/
257651,tjyourong.com.cn,https://tjyourong.com.cn/
257701,roundprinceforest.com,https://roundprinceforest.com/
257751,yayhosting.dk,https://yayhosting.dk/
257801,angryip.org,https://angryip.org/
257851,skproplayer.cc,https://skproplayer.cc/
257901,spacecentre.co.uk,https://spacecentre.co.uk/
257951,sentora.com,https://sentora.com/
258001,imh-parking.com,https://imh-parking.com/
258051,boringmagazine.fun,https://boringmagazine.fun/
258101,yorkshirewater.com,https://yorkshirewater.com/
258151,leadvertex.ru,https://leadvertex.ru/
258201,crawljobs.com,https://crawljobs.com/
258251,royalcommission.gov.au,https://royalcommission.gov.au/
258301,corstone.biz,https://corstone.biz/
258351,nakkheeran.in,https://nakkheeran.in/
258401,texasbowhunter.com,https://texasbowhunter.com/
258451,juick.com,https://juick.com/
258501,jucaiba.com,https://jucaiba.com/
258551,kpho.com,https://kpho.com/
258601,artikelfluss.de,https://artikelfluss.de/
258651,unionlosangeles.com,https://unionlosangeles.com/
258701,nf.net,https://nf.net/
258751,homify.ca,https://homify.ca/
258801,trustmark.org.uk,https://trustmark.org.uk/
258851,npcilcareers.co.in,https://npcilcareers.co.in/
258901,barcin.com,https://barcin.com/
258951,warwickshireworld.com,https://warwickshireworld.com/
259001,genasys.com,https://genasys.com/
259051,gatewayfoundation.org,https://gatewayfoundation.org/
259101,umserv.ru,https://umserv.ru/
259151,gentikoule.gr,https://gentikoule.gr/
259201,savannahzencenter.com,https://savannahzencenter.com/
259251,cb001.uno,https://cb001.uno/
259301,crmxm.com,https://crmxm.com/
259351,thewaydomain.com,https://thewaydomain.com/
259401,royalsoc.ac.uk,https://royalsoc.ac.uk/
259451,casinospinspot.co.uk,https://casinospinspot.co.uk/
259501,rusmarine.ru,https://rusmarine.ru/
259551,ccarprice.com,https://ccarprice.com/
259601,dprofile.ru,https://dprofile.ru/
259651,mediogate.de,https://mediogate.de/
259701,saraya.com,https://saraya.com/
259751,miliav.com,https://miliav.com/
259801,wieheeftgebeld.nl,https://wieheeftgebeld.nl/
259851,gts.jo,https://gts.jo/
259901,iowaattorneygeneral.gov,https://iowaattorneygeneral.gov/
259951,kardia.com,https://kardia.com/
260001,eciu.net,https://eciu.net/
260051,photobooks.com,https://photobooks.com/
260101,motorwaycameras.co.uk,https://motorwaycameras.co.uk/
260151,spritesmods.com,https://spritesmods.com/
260201,retromanufacturing.com,https://retromanufacturing.com/
260251,podkarpackie.pl,https://podkarpackie.pl/
260301,brocoflix.xyz,https://brocoflix.xyz/
260351,benito.co.kr,https://benito.co.kr/
260401,suitedash.com,https://suitedash.com/
260451,areademembros.com,https://areademembros.com/
260501,tripscan65c.cc,https://tripscan65c.cc/
260551,wondershare.fr,https://wondershare.fr/
260601,myenovate.com,https://myenovate.com/
260651,telemarch.net,https://telemarch.net/
260701,getwoohoo.com,https://getwoohoo.com/
260751,alxco.ru,https://alxco.ru/
260801,gamecp.net,https://gamecp.net/
260851,medanswering.com,https://medanswering.com/
260901,listcompany.org,https://listcompany.org/
260951,novorosinform.org,https://novorosinform.org/
261001,ori.net,https://ori.net/
261051,airvisual.net,https://airvisual.net/
261101,mercateo.co.uk,https://mercateo.co.uk/
261151,lustfulwomano.com,https://lustfulwomano.com/
261201,gob2g.com,https://gob2g.com/
261251,talentsy.ru,https://talentsy.ru/
261301,nabookplus.cloud,https://nabookplus.cloud/
261351,completemusicupdate.com,https://completemusicupdate.com/
261401,pornmeka.com,https://pornmeka.com/
261451,esi-vpn.ru,https://esi-vpn.ru/
261501,megafonpro.ru,https://megafonpro.ru/
261551,rcf17.com,https://rcf17.com/
261601,imagme.com,https://imagme.com/
261651,blacklistednews.com,https://blacklistednews.com/
261701,oddalerts.com,https://oddalerts.com/
261751,komkon.org,https://komkon.org/
261801,truefussion.life,https://truefussion.life/
261851,dmonesource.com,https://dmonesource.com/
261901,tecban.com.br,https://tecban.com.br/
261951,sn.net,https://sn.net/
262001,ovb-heimatzeitungen.de,https://ovb-heimatzeitungen.de/
262051,igad.int,https://igad.int/
262101,videoland.com.tw,https://videoland.com.tw/
262151,514h.com,https://514h.com/
262201,nanosoft.co.uk,https://nanosoft.co.uk/
262251,fabricut.com,https://fabricut.com/
262301,happy-or-not.com,https://happy-or-not.com/
262351,ntnt.io,https://ntnt.io/
262401,seehua.com,https://seehua.com/
262451,golden-beachotel.com,https://golden-beachotel.com/
262501,tigerairtw.com,https://tigerairtw.com/
262551,elmanana.com,https://elmanana.com/
262601,vandersalm-it.nl,https://vandersalm-it.nl/
262651,maxsrestaurantme.com,https://maxsrestaurantme.com/
262701,rocket.dev,https://rocket.dev/
262751,twstatic.net,https://twstatic.net/
262801,acilearning.com,https://acilearning.com/
262851,henley.ac.uk,https://henley.ac.uk/
262901,buffalojackson.com,https://buffalojackson.com/
262951,primedia-service.com,https://primedia-service.com/
263001,betvip.network,https://betvip.network/
263051,appimage.org,https://appimage.org/
263101,petsglobal.com,https://petsglobal.com/
263151,pcc.eu,https://pcc.eu/
263201,innotrans.de,https://innotrans.de/
263251,cometapi.com,https://cometapi.com/
263301,carrefour.eu,https://carrefour.eu/
263351,saturn.tj,https://saturn.tj/
263401,creolineserver.de,https://creolineserver.de/
263451,mascotasshop.es,https://mascotasshop.es/
263501,xzxzk.com,https://xzxzk.com/
263551,d4b80cba.com,https://d4b80cba.com/
263601,lantek.com,https://lantek.com/
263651,iphon.fr,https://iphon.fr/
263701,pola.co.jp,https://pola.co.jp/
263751,datingns.com,https://datingns.com/
263801,caparol.de,https://caparol.de/
263851,thepawprint.store,https://thepawprint.store/
263901,influxfin.com,https://influxfin.com/
263951,abilitylinks.org,https://abilitylinks.org/
264001,pinnacle-casino.net,https://pinnacle-casino.net/
264051,playingcards.io,https://playingcards.io/
264101,myswissalps.com,https://myswissalps.com/
264151,vida.id,https://vida.id/
264201,amplusserver.info,https://amplusserver.info/
264251,mobiliz.com.tr,https://mobiliz.com.tr/
264301,fch.de,https://fch.de/
264351,bandmine.com,https://bandmine.com/
264401,digitalwebsolutions.com,https://digitalwebsolutions.com/
264451,viparis.com,https://viparis.com/
264501,mq19h.cn,https://mq19h.cn/
264551,apps112.com,https://apps112.com/
264601,wujinkk.com,https://wujinkk.com/
264651,nm-cdn7.top,https://nm-cdn7.top/
264701,ensure.abbott,https://ensure.abbott/
264751,landcruiserforum.com,https://landcruiserforum.com/
264801,hydropower.org,https://hydropower.org/
264851,tsukuba-tech.ac.jp,https://tsukuba-tech.ac.jp/
264901,tbstat.com,https://tbstat.com/
264951,gmstar.ru,https://gmstar.ru/
265001,petphenom.com,https://petphenom.com/
265051,newss.it,https://newss.it/
265101,5rlinternet.net,https://5rlinternet.net/
265151,uberns.eu,https://uberns.eu/
265201,cognizantdc.com,https://cognizantdc.com/
265251,nanbeihu.com.cn,https://nanbeihu.com.cn/
265301,klartipp.de,https://klartipp.de/
265351,kii.com,https://kii.com/
265401,equirodi.com,https://equirodi.com/
265451,ibbf55-resources.com,https://ibbf55-resources.com/
265501,opendoors.org,https://opendoors.org/
265551,leyes.co,https://leyes.co/
265601,religion-online.org,https://religion-online.org/
265651,nyct.net,https://nyct.net/
265701,beadworld.com,https://beadworld.com/
265751,bbsi.co.kr,https://bbsi.co.kr/
265801,acousticguitar.com,https://acousticguitar.com/
265851,symphonylimited.com,https://symphonylimited.com/
265901,indebted.co,https://indebted.co/
265951,nic-server.com,https://nic-server.com/
266001,allhow.com,https://allhow.com/
266051,fdb.pl,https://fdb.pl/
266101,danmonshop.se,https://danmonshop.se/
266151,bbins.com,https://bbins.com/
266201,chenxiangnongye.com,https://chenxiangnongye.com/
266251,hamzanwadi.ac.id,https://hamzanwadi.ac.id/
266301,jac-recruitment.jp,https://jac-recruitment.jp/
266351,kjbank.com,https://kjbank.com/
266401,sarenza.cloud,https://sarenza.cloud/
266451,pophandler.net,https://pophandler.net/
266501,upenet.com.br,https://upenet.com.br/
266551,chinalawinfo.com,https://chinalawinfo.com/
266601,worldenergyoutlook.org,https://worldenergyoutlook.org/
266651,cotesdarmor.fr,https://cotesdarmor.fr/
266701,apacheweek.com,https://apacheweek.com/
266751,115cdn.net,https://115cdn.net/
266801,suzycams.com,https://suzycams.com/
266851,cdn-platform.xyz,https://cdn-platform.xyz/
266901,opticswarehouse.co.uk,https://opticswarehouse.co.uk/
266951,laserpointerforums.com,https://laserpointerforums.com/
267001,nicksboots.com,https://nicksboots.com/
267051,internorm.com,https://internorm.com/
267101,amosrv.ru,https://amosrv.ru/
267151,winnerhr.cn,https://winnerhr.cn/
267201,worldofprintables.com,https://worldofprintables.com/
267251,onlinesbobet.com,https://onlinesbobet.com/
267301,cc-vbit.ru,https://cc-vbit.ru/
267351,helppi.net,https://helppi.net/
267401,phystech.pro,https://phystech.pro/
267451,fairyscans.com,https://fairyscans.com/
267501,gamer-templates.de,https://gamer-templates.de/
267551,yappe.in,https://yappe.in/
267601,n7.io,https://n7.io/
267651,m247.ltd,https://m247.ltd/
267701,sja.ca,https://sja.ca/
267751,tapcheck.com,https://tapcheck.com/
267801,moz.ac.at,https://moz.ac.at/
267851,edurm.ru,https://edurm.ru/
267901,taiger.fun,https://taiger.fun/
267951,m88d2.com,https://m88d2.com/
268001,vaisala.io,https://vaisala.io/
268051,ubuy.ba,https://ubuy.ba/
268101,medizen.digital,https://medizen.digital/
268151,recipesfreeonline.com,https://recipesfreeonline.com/
268201,firaxislive.net,https://firaxislive.net/
268251,urbandictionary.biz,https://urbandictionary.biz/
268301,pcds.org.uk,https://pcds.org.uk/
268351,alaskar.ru,https://alaskar.ru/
268401,medstudy.com,https://medstudy.com/
268451,servidorcloud.net,https://servidorcloud.net/
268501,1atravel.rs,https://1atravel.rs/
268551,crasman.cloud,https://crasman.cloud/
268601,furryjomi.xyz,https://furryjomi.xyz/
268651,chirpmyradio.com,https://chirpmyradio.com/
268701,ocsny.com,https://ocsny.com/
268751,911computerrescue.com,https://911computerrescue.com/
268801,disney.com.au,https://disney.com.au/
268851,ok-corporation-job.net,https://ok-corporation-job.net/
268901,alz.co.uk,https://alz.co.uk/
268951,thebull.ru,https://thebull.ru/
269001,clbmarketing.com,https://clbmarketing.com/
269051,enteract.com,https://enteract.com/
269101,consentmo-geo.com,https://consentmo-geo.com/
269151,beyondfinance.com,https://beyondfinance.com/
269201,hk-usa.com,https://hk-usa.com/
269251,michiganfoundations.org,https://michiganfoundations.org/
269301,cellsalive.com,https://cellsalive.com/
269351,omunet.com,https://omunet.com/
269401,slotscentralreport.co.uk,https://slotscentralreport.co.uk/
269451,airport.ai,https://airport.ai/
269501,redmatter.com,https://redmatter.com/
269551,callcenterstudio.io,https://callcenterstudio.io/
269601,expandi.io,https://expandi.io/
269651,beko.co.uk,https://beko.co.uk/
269701,ivu-cloud.com,https://ivu-cloud.com/
269751,99qiming.com,https://99qiming.com/
269801,otpbanka.si,https://otpbanka.si/
269851,avatarvotri.net,https://avatarvotri.net/
269901,anikototv.to,https://anikototv.to/
269951,computerease.cloud,https://computerease.cloud/
270001,czjiazhenggs.com,https://czjiazhenggs.com/
270051,estima.ru,https://estima.ru/
270101,kugellager-express.de,https://kugellager-express.de/
270151,chachica.com,https://chachica.com/
270201,extremecraft.net,https://extremecraft.net/
270251,unmannedsystemstechnology.com,https://unmannedsystemstechnology.com/
270301,wiltsglosstandard.co.uk,https://wiltsglosstandard.co.uk/
270351,weinfreunde.de,https://weinfreunde.de/
270401,raceegguxdas.com,https://raceegguxdas.com/
270451,acowtancy.com,https://acowtancy.com/
270501,obdesign.com.tw,https://obdesign.com.tw/
270551,eeoop.com,https://eeoop.com/
270601,footballsaa.com,https://footballsaa.com/
270651,simpliers.com,https://simpliers.com/
270701,samgups.ru,https://samgups.ru/
270751,credit-century.com,https://credit-century.com/
270801,toyworld.com.au,https://toyworld.com.au/
270851,5gbet15.com,https://5gbet15.com/
270901,cloudvps.com,https://cloudvps.com/
270951,erohub.com,https://erohub.com/
271001,reviewlab.ru,https://reviewlab.ru/
271051,oo888win.com,https://oo888win.com/
271101,penguins.org.au,https://penguins.org.au/
271151,moskb.ru,https://moskb.ru/
271201,cdonate.com,https://cdonate.com/
271251,menlopark.com,https://menlopark.com/
271301,lifeglowing.com,https://lifeglowing.com/
271351,frostytools.com,https://frostytools.com/
271401,reisidc.srv.br,https://reisidc.srv.br/
271451,iphoned.nl,https://iphoned.nl/
271501,ssrealestate.ae,https://ssrealestate.ae/
271551,neko-jirushi.com,https://neko-jirushi.com/
271601,dltk-teach.com,https://dltk-teach.com/
271651,fashamo.com,https://fashamo.com/
271701,analporngifs.com,https://analporngifs.com/
271751,pheasantsforever.org,https://pheasantsforever.org/
271801,df167799.com.cn,https://df167799.com.cn/
271851,dupdub.com,https://dupdub.com/
271901,bcdtriptech.com,https://bcdtriptech.com/
271951,phimvid.com,https://phimvid.com/
272001,reviewr.com,https://reviewr.com/
272051,cspt.top,https://cspt.top/
272101,mixi.social,https://mixi.social/
272151,freightcom.com,https://freightcom.com/
272201,busterandpunch.com,https://busterandpunch.com/
272251,aceableagent.com,https://aceableagent.com/
272301,usa7personss.shop,https://usa7personss.shop/
272351,meteobox.com,https://meteobox.com/
272401,nic.clubmed,https://nic.clubmed/
272451,4kfilme.de,https://4kfilme.de/
272501,pengutronix.de,https://pengutronix.de/
272551,civilwar.org,https://civilwar.org/
272601,kodeks.net,https://kodeks.net/
272651,wealthenhancement.com,https://wealthenhancement.com/
272701,parfimo.de,https://parfimo.de/
272751,masterbuilt.com,https://masterbuilt.com/
272801,rucheekgk.ru,https://rucheekgk.ru/
272851,worldsoft.ch,https://worldsoft.ch/
272901,ronniescotts.co.uk,https://ronniescotts.co.uk/
272951,ccc-ffm.de,https://ccc-ffm.de/
273001,rosseriya.net,https://rosseriya.net/
273051,50plus.ch,https://50plus.ch/
273101,lkqx.net,https://lkqx.net/
273151,kulichki.ru,https://kulichki.ru/
273201,ugeskriftet.dk,https://ugeskriftet.dk/
273251,5door.cn,https://5door.cn/
273301,victoriassecret.mx,https://victoriassecret.mx/
273351,lincolncasino.eu,https://lincolncasino.eu/
273401,niss.net.au,https://niss.net.au/
273451,dagensmedicin.se,https://dagensmedicin.se/
273501,girondins.com,https://girondins.com/
273551,bimcomponents.com,https://bimcomponents.com/
273601,kongju.ac.kr,https://kongju.ac.kr/
273651,mbclub.ru,https://mbclub.ru/
273701,totalwebsystems.co.uk,https://totalwebsystems.co.uk/
273751,koselugosavings.com,https://koselugosavings.com/
273801,cpesr.com.ar,https://cpesr.com.ar/
273851,uniair.com.tw,https://uniair.com.tw/
273901,birdcat.cafe,https://birdcat.cafe/
273951,wayang88indo.com,https://wayang88indo.com/
274001,pharmacielafayette.com,https://pharmacielafayette.com/
274051,speciesfile.org,https://speciesfile.org/
274101,lawson-print.com,https://lawson-print.com/
274151,timecloud.us,https://timecloud.us/
274201,sensemecloud.com,https://sensemecloud.com/
274251,saltechsystems.com,https://saltechsystems.com/
274301,supersprint.com,https://supersprint.com/
274351,artea.lt,https://artea.lt/
274401,oldburialhill.org,https://oldburialhill.org/
274451,c-werk.com,https://c-werk.com/
274501,qcareplus.com,https://qcareplus.com/
274551,hkis.edu.hk,https://hkis.edu.hk/
274601,moon7cans.top,https://moon7cans.top/
274651,material.com,https://material.com/
274701,visionize.com,https://visionize.com/
274751,mmbwin.com,https://mmbwin.com/
274801,giordanoweine.de,https://giordanoweine.de/
274851,metabom.com,https://metabom.com/
274901,butwhytho.net,https://butwhytho.net/
274951,omegadns.net,https://omegadns.net/
275001,joe.be,https://joe.be/
275051,ax4z-s.com,https://ax4z-s.com/
275101,livebeaches.com,https://livebeaches.com/
275151,alasconnect.com,https://alasconnect.com/
275201,dwellinglive.com,https://dwellinglive.com/
275251,bhcxy.com,https://bhcxy.com/
275301,sicstock.com,https://sicstock.com/
275351,gamesgachi.com,https://gamesgachi.com/
275401,cryosinternational.com,https://cryosinternational.com/
275451,autoflex.monster,https://autoflex.monster/
275501,canon.nl,https://canon.nl/
275551,iyi-host.net,https://iyi-host.net/
275601,bookan.com.cn,https://bookan.com.cn/
275651,terapeutasconresultados.com,https://terapeutasconresultados.com/
275701,chenxu2233.com,https://chenxu2233.com/
275751,goosebomb.com,https://goosebomb.com/
275801,alfasigma.com,https://alfasigma.com/
275851,ca33mothers.top,https://ca33mothers.top/
275901,laplata.gob.ar,https://laplata.gob.ar/
275951,49you.com,https://49you.com/
276001,wegic.ai,https://wegic.ai/
276051,qdwpstwbbe.net,https://qdwpstwbbe.net/
276101,widuro.de,https://widuro.de/
276151,antimusic.com,https://antimusic.com/
276201,garagevanhauwere.be,https://garagevanhauwere.be/
276251,tdtnews.com,https://tdtnews.com/
276301,lisy-monitor.de,https://lisy-monitor.de/
276351,dnsapp.us,https://dnsapp.us/
276401,al-maktaba.org,https://al-maktaba.org/
276451,hongshier.com,https://hongshier.com/
276501,worldaffairsjournal.org,https://worldaffairsjournal.org/
276551,vpshispeed.com,https://vpshispeed.com/
276601,vernonmorningstar.com,https://vernonmorningstar.com/
276651,webdecisor.com.br,https://webdecisor.com.br/
276701,veritivcorp.com,https://veritivcorp.com/
276751,kununu.cz,https://kununu.cz/
276801,mobilunity.com,https://mobilunity.com/
276851,cert.org.cn,https://cert.org.cn/
276901,mohawkind.info,https://mohawkind.info/
276951,downkuai.com,https://downkuai.com/
277001,creativesunivora.com,https://creativesunivora.com/
277051,nuestrosite.com,https://nuestrosite.com/
277101,lord3.net,https://lord3.net/
277151,allischalmers.com,https://allischalmers.com/
277201,magicmerchant.it,https://magicmerchant.it/
277251,kastking.com,https://kastking.com/
277301,h-node.org,https://h-node.org/
277351,japaninporn.com,https://japaninporn.com/
277401,edxpills.shop,https://edxpills.shop/
277451,bradescocelular.com.br,https://bradescocelular.com.br/
277501,alphaplay.xyz,https://alphaplay.xyz/
277551,moonbase.life,https://moonbase.life/
277601,paylesspower.com,https://paylesspower.com/
277651,10wook.com,https://10wook.com/
277701,repack.info,https://repack.info/
277751,iwermectin.com,https://iwermectin.com/
277801,homedock.com.br,https://homedock.com.br/
277851,tld2.ye,https://tld2.ye/
277901,bitflyer.jp,https://bitflyer.jp/
277951,truu.ai,https://truu.ai/
278001,datanerd.one,https://datanerd.one/
278051,exorank.com,https://exorank.com/
278101,roxnet.md,https://roxnet.md/
278151,gameguru.mobi,https://gameguru.mobi/
278201,617api.com,https://617api.com/
278251,axiswatch.co.uk,https://axiswatch.co.uk/
278301,moon33directors.xyz,https://moon33directors.xyz/
278351,promin.cv.ua,https://promin.cv.ua/
278401,cheetahgo.net,https://cheetahgo.net/
278451,2acdn.com,https://2acdn.com/
278501,antalyahosting.com,https://antalyahosting.com/
278551,gacetasanitaria.org,https://gacetasanitaria.org/
278601,icpc.global,https://icpc.global/
278651,fh-diploma.de,https://fh-diploma.de/
278701,aiga.fr,https://aiga.fr/
278751,academ-school.ru,https://academ-school.ru/
278801,fmsapps.com,https://fmsapps.com/
278851,dealseek.com,https://dealseek.com/
278901,alwasat.ly,https://alwasat.ly/
278951,autoliga.net.ua,https://autoliga.net.ua/
279001,maxicours.com,https://maxicours.com/
279051,resurchify.com,https://resurchify.com/
279101,ranger-forums.com,https://ranger-forums.com/
279151,rusrv.top,https://rusrv.top/
279201,drush.in,https://drush.in/
279251,tf.zone,https://tf.zone/
279301,distrosea.com,https://distrosea.com/
279351,bigquestionslive.com,https://bigquestionslive.com/
279401,wallawalla.edu,https://wallawalla.edu/
279451,useityellowpages.com,https://useityellowpages.com/
279501,cmtokm.com,https://cmtokm.com/
279551,miniclub.com.pk,https://miniclub.com.pk/
279601,runpod.dev,https://runpod.dev/
279651,mscbook.com,https://mscbook.com/
279701,51fapiao.cn,https://51fapiao.cn/
279751,p2pool.observer,https://p2pool.observer/
279801,fresnocountyca.gov,https://fresnocountyca.gov/
279851,cfin.ru,https://cfin.ru/
279901,netzsystem.de,https://netzsystem.de/
279951,elektro-online.de,https://elektro-online.de/
280001,nectar.services,https://nectar.services/
280051,d6holocron.com,https://d6holocron.com/
280101,etargetcdn.com,https://etargetcdn.com/
280151,rasees.net,https://rasees.net/
280201,boosthosting.co.uk,https://boosthosting.co.uk/
280251,fortiweb-cloud-gcp.net,https://fortiweb-cloud-gcp.net/
280301,yam.md,https://yam.md/
280351,tpserverproxy.vn,https://tpserverproxy.vn/
280401,prints.com,https://prints.com/
280451,customercase.com,https://customercase.com/
280501,websiteseochecker.com,https://websiteseochecker.com/
280551,evouchers.com,https://evouchers.com/
280601,gtorr.net,https://gtorr.net/
280651,vozni.cloud,https://vozni.cloud/
280701,weligillysies.com,https://weligillysies.com/
280751,lembagajagoanku.live,https://lembagajagoanku.live/
280801,bringfido.co.uk,https://bringfido.co.uk/
280851,ebf.de,https://ebf.de/
280901,palma.cat,https://palma.cat/
280951,efeo.fr,https://efeo.fr/
281001,zee33muchs.shop,https://zee33muchs.shop/
281051,haedu.gov.cn,https://haedu.gov.cn/
281101,mwnation.com,https://mwnation.com/
281151,opekaweb.ru,https://opekaweb.ru/
281201,uhubing.com,https://uhubing.com/
281251,cyclingindustry.news,https://cyclingindustry.news/
281301,nomadsport.net,https://nomadsport.net/
281351,hautarzt-rw.de,https://hautarzt-rw.de/
281401,spots.ag,https://spots.ag/
281451,bowl.hu,https://bowl.hu/
281501,pokercraft.com,https://pokercraft.com/
281551,greatdomains.com,https://greatdomains.com/
281601,bet30.store,https://bet30.store/
281651,klikfilm.com,https://klikfilm.com/
281701,svfcloud.com,https://svfcloud.com/
281751,yablo.tv,https://yablo.tv/
281801,m1bp.com,https://m1bp.com/
281851,happinez.nl,https://happinez.nl/
281901,sok.ru,https://sok.ru/
281951,spo-lab.ru,https://spo-lab.ru/
282001,hnzj.edu.cn,https://hnzj.edu.cn/
282051,kir.hu,https://kir.hu/
282101,keepthescore.com,https://keepthescore.com/
282151,rackcorp.com.au,https://rackcorp.com.au/
282201,swiftpost.net,https://swiftpost.net/
282251,ca61exactlys.de,https://ca61exactlys.de/
282301,ultraleap.com,https://ultraleap.com/
282351,salto.bz,https://salto.bz/
282401,nonsa.pl,https://nonsa.pl/
282451,blueporn.mobi,https://blueporn.mobi/
282501,wikiprofile.ru,https://wikiprofile.ru/
282551,ets2modding.com,https://ets2modding.com/
282601,supernowosci24.pl,https://supernowosci24.pl/
282651,c-kgb.com,https://c-kgb.com/
282701,indiastudychannel.com,https://indiastudychannel.com/
282751,turck.com,https://turck.com/
282801,mt.gov.vn,https://mt.gov.vn/
282851,iplay.com,https://iplay.com/
282901,blackmores.com.au,https://blackmores.com.au/
282951,ictp.trieste.it,https://ictp.trieste.it/
283001,evergreenhealth.com,https://evergreenhealth.com/
283051,noblepig.com,https://noblepig.com/
283101,kamik.com,https://kamik.com/
283151,goinc.jp,https://goinc.jp/
283201,directory-url.com,https://directory-url.com/
283251,forthebearded.com,https://forthebearded.com/
283301,menarini.com,https://menarini.com/
283351,eagri.cz,https://eagri.cz/
283401,spu.ac.za,https://spu.ac.za/
283451,mmylianjie1.com,https://mmylianjie1.com/
283501,owlbirdco.com,https://owlbirdco.com/
283551,gzankun.com,https://gzankun.com/
283601,eu-supply.com,https://eu-supply.com/
283651,b4mcx2ml.net,https://b4mcx2ml.net/
283701,sol.us,https://sol.us/
283751,irkadmin.ru,https://irkadmin.ru/
283801,headway.org.uk,https://headway.org.uk/
283851,mn-man.biz,https://mn-man.biz/
283901,chelsweets.com,https://chelsweets.com/
283951,izvrata-net.com,https://izvrata-net.com/
284001,directory-king.com,https://directory-king.com/
284051,sharpbharat.com,https://sharpbharat.com/
284101,hdmovie2.associates,https://hdmovie2.associates/
284151,fabrica.com.eg,https://fabrica.com.eg/
284201,1panel.top,https://1panel.top/
284251,aioseo.io,https://aioseo.io/
284301,baisheng999.com,https://baisheng999.com/
284351,carrstuv.com,https://carrstuv.com/
284401,cooperacoop.com.br,https://cooperacoop.com.br/
284451,doohyoulike.com,https://doohyoulike.com/
284501,fastauthorize.com,https://fastauthorize.com/
284551,giverep.com,https://giverep.com/
284601,hrqwsjitx.com,https://hrqwsjitx.com/
284651,jszyapi.com,https://jszyapi.com/
284701,luellmann.com,https://luellmann.com/
284751,mobilecleanpicturetrashezfqn.com,https://mobilecleanpicturetrashezfqn.com/
284801,nyalink.win,https://nyalink.win/
284851,pera777.com,https://pera777.com/
284901,quickline.top,https://quickline.top/
284951,safepilot.eu,https://safepilot.eu/
285001,sonot.cc,https://sonot.cc/
285051,tgcloud.vip,https://tgcloud.vip/
285101,v1.mk,https://v1.mk/
285151,yiyonex.com,https://yiyonex.com/
285201,pcog.org,https://pcog.org/
285251,hellasservers.gr,https://hellasservers.gr/
285301,ihav.net,https://ihav.net/
285351,cyberpress.org,https://cyberpress.org/
285401,ravpage.co.il,https://ravpage.co.il/
285451,ngahr.com,https://ngahr.com/
285501,tee.pub,https://tee.pub/
285551,blackjackspin.de,https://blackjackspin.de/
285601,iesb.br,https://iesb.br/
285651,helora.be,https://helora.be/
285701,layar.com,https://layar.com/
285751,crystalvaults.com,https://crystalvaults.com/
285801,crnetfibra.com.br,https://crnetfibra.com.br/
285851,gamerjournalist.com,https://gamerjournalist.com/
285901,wotblitz.asia,https://wotblitz.asia/
285951,swaydeck.co.uk,https://swaydeck.co.uk/
286001,liv.rent,https://liv.rent/
286051,abqnhtupni.net,https://abqnhtupni.net/
286101,perfectip.net,https://perfectip.net/
286151,conahcyt.mx,https://conahcyt.mx/
286201,xirsys.net,https://xirsys.net/
286251,clicks2leads.com,https://clicks2leads.com/
286301,cybertron.ca,https://cybertron.ca/
286351,dev-dh.com,https://dev-dh.com/
286401,wikihow-fun.com,https://wikihow-fun.com/
286451,michaelfairmantv.com,https://michaelfairmantv.com/
286501,vtechda.com,https://vtechda.com/
286551,intercompras.com,https://intercompras.com/
286601,flexdog.fr,https://flexdog.fr/
286651,taps.org,https://taps.org/
286701,caducee.net,https://caducee.net/
286751,pcpay.me,https://pcpay.me/
286801,knowledgegate.ai,https://knowledgegate.ai/
286851,100percentuptimenetwork.com,https://100percentuptimenetwork.com/
286901,isscr.org,https://isscr.org/
286951,afo.ro,https://afo.ro/
287001,dh.com,https://dh.com/
287051,melorra.com,https://melorra.com/
287101,stricklandinsgroup.com,https://stricklandinsgroup.com/
287151,x-hain.de,https://x-hain.de/
287201,itvnet.lv,https://itvnet.lv/
287251,bankrollmob.com,https://bankrollmob.com/
287301,konzerthaus.de,https://konzerthaus.de/
287351,artstrailreviews.com,https://artstrailreviews.com/
287401,creations-group.be,https://creations-group.be/
287451,profitablegatecpm.com,https://profitablegatecpm.com/
287501,droidinformer.org,https://droidinformer.org/
287551,unpkgcdn.com,https://unpkgcdn.com/
287601,rocketapp.cc,https://rocketapp.cc/
287651,matilda.net.au,https://matilda.net.au/
287701,nrcwebwinkel.nl,https://nrcwebwinkel.nl/
287751,hitachi-sunway-ds.com,https://hitachi-sunway-ds.com/
287801,name2net.com,https://name2net.com/
287851,squatwolf.com,https://squatwolf.com/
287901,portquiz.net,https://portquiz.net/
287951,luxuryflooring.co.uk,https://luxuryflooring.co.uk/
288001,tentonhammer.com,https://tentonhammer.com/
288051,starmeup.com,https://starmeup.com/
288101,seibert.group,https://seibert.group/
288151,byjune.nl,https://byjune.nl/
288201,billsafe.de,https://billsafe.de/
288251,momentfactory.com,https://momentfactory.com/
288301,elche.es,https://elche.es/
288351,ix.sk,https://ix.sk/
288401,fazwaz.fr,https://fazwaz.fr/
288451,namelessdns.com,https://namelessdns.com/
288501,webhostingsecretrevealed.net,https://webhostingsecretrevealed.net/
288551,sace.it,https://sace.it/
288601,strety.com,https://strety.com/
288651,energiesparhaus.at,https://energiesparhaus.at/
288701,zee7hands.shop,https://zee7hands.shop/
288751,alphaplazalevelup.com,https://alphaplazalevelup.com/
288801,explara.com,https://explara.com/
288851,skibarn.com,https://skibarn.com/
288901,kinotv.ru,https://kinotv.ru/
288951,60plustreff.de,https://60plustreff.de/
289001,rapidtai.com,https://rapidtai.com/
289051,correo.gob.es,https://correo.gob.es/
289101,memail-dns.co.uk,https://memail-dns.co.uk/
289151,tostadora.fr,https://tostadora.fr/
289201,hopkins.law,https://hopkins.law/
289251,247casinos.io,https://247casinos.io/
289301,uafs.edu,https://uafs.edu/
289351,enegan.it,https://enegan.it/
289401,getdivvy.com,https://getdivvy.com/
289451,tea.ru,https://tea.ru/
289501,idea07.pl,https://idea07.pl/
289551,flatpanels.dk,https://flatpanels.dk/
289601,naked.com,https://naked.com/
289651,saasconex.net,https://saasconex.net/
289701,bd678e.xyz,https://bd678e.xyz/
289751,sekurak.pl,https://sekurak.pl/
289801,animedemons.ro,https://animedemons.ro/
289851,finoa.io,https://finoa.io/
289901,gointospace.app,https://gointospace.app/
289951,lepetitjournal.net,https://lepetitjournal.net/
290001,sinussmp.ru,https://sinussmp.ru/
290051,server-home.org,https://server-home.org/
290101,cltt.org,https://cltt.org/
290151,promix.ru,https://promix.ru/
290201,ayazteknoloji.com.tr,https://ayazteknoloji.com.tr/
290251,volcano.net,https://volcano.net/
290301,newsmaticaapp.com,https://newsmaticaapp.com/
290351,mygym.com,https://mygym.com/
290401,nas.solutions,https://nas.solutions/
290451,softcomputer.com,https://softcomputer.com/
290501,kpmg.ca,https://kpmg.ca/
290551,blogharbornow.com,https://blogharbornow.com/
290601,centercentre.com,https://centercentre.com/
290651,onvoard.com,https://onvoard.com/
290701,info-com.com,https://info-com.com/
290751,pdfprosuite.com,https://pdfprosuite.com/
290801,vendora.cy,https://vendora.cy/
290851,fitnessstudio-vergleich.ch,https://fitnessstudio-vergleich.ch/
290901,1xlite-0896158.bar,https://1xlite-0896158.bar/
290951,nexvora.xyz,https://nexvora.xyz/
291001,alphait.net.au,https://alphait.net.au/
291051,executivedaytona.com,https://executivedaytona.com/
291101,scrollblog.co.uk,https://scrollblog.co.uk/
291151,dawningteamvn.com,https://dawningteamvn.com/
291201,wheelfront.com,https://wheelfront.com/
291251,leadexpert.pl,https://leadexpert.pl/
291301,stgmu.ru,https://stgmu.ru/
291351,ncagip.ru,https://ncagip.ru/
291401,kosmickitchen.eu,https://kosmickitchen.eu/
291451,metlica.club,https://metlica.club/
291501,notenexus.co.uk,https://notenexus.co.uk/
291551,cps.cz,https://cps.cz/
291601,quomodo.com,https://quomodo.com/
291651,pageview.click,https://pageview.click/
291701,microplanet.net,https://microplanet.net/
291751,ebay.co.jp,https://ebay.co.jp/
291801,orthodox-world.org,https://orthodox-world.org/
291851,push-sdk.net,https://push-sdk.net/
291901,theedgefitnessclubs.com,https://theedgefitnessclubs.com/
291951,liberdon.ru,https://liberdon.ru/
292001,hostline.bg,https://hostline.bg/
292051,clipxhentai.com,https://clipxhentai.com/
292101,golla.tw,https://golla.tw/
292151,pleasecontactsupport.com,https://pleasecontactsupport.com/
292201,start.io,https://start.io/
292251,foxmail.com.cn,https://foxmail.com.cn/
292301,canevas.com,https://canevas.com/
292351,goldbrantech.com,https://goldbrantech.com/
292401,azdoa.gov,https://azdoa.gov/
292451,linearair.com,https://linearair.com/
292501,pokerorbit.de,https://pokerorbit.de/
292551,cristelcom.com,https://cristelcom.com/
292601,danezon.com,https://danezon.com/
292651,tesprob.com,https://tesprob.com/
292701,lenovofiles.com,https://lenovofiles.com/
292751,wordans.ca,https://wordans.ca/
292801,kvcdns.com,https://kvcdns.com/
292851,strimzi.io,https://strimzi.io/
292901,connexus.net.au,https://connexus.net.au/
292951,snapfrozen.com.au,https://snapfrozen.com.au/
293001,wplook.com,https://wplook.com/
293051,cdnu.edu.cn,https://cdnu.edu.cn/
293101,xhacgn.com,https://xhacgn.com/
293151,nccgroup.trust,https://nccgroup.trust/
293201,casadascercas.com.br,https://casadascercas.com.br/
293251,skvjaj4777vkdiwe.com,https://skvjaj4777vkdiwe.com/
293301,ursa-tm.ru,https://ursa-tm.ru/
293351,tokopedia.id,https://tokopedia.id/
293401,anergiakabar.com,https://anergiakabar.com/
293451,kola-radotin.cz,https://kola-radotin.cz/
293501,peugeot.es,https://peugeot.es/
293551,otto.nl,https://otto.nl/
293601,insteading.com,https://insteading.com/
293651,crownsportscdn.com,https://crownsportscdn.com/
293701,mmreality.cz,https://mmreality.cz/
293751,anpustream.com,https://anpustream.com/
293801,mizu-voip.com,https://mizu-voip.com/
293851,warmoth.com,https://warmoth.com/
293901,pandoramt2.pl,https://pandoramt2.pl/
293951,sc-jpl-internal.com,https://sc-jpl-internal.com/
294001,kpit.com,https://kpit.com/
294051,tradingcardmint.com,https://tradingcardmint.com/
294101,seton.com,https://seton.com/
294151,urologytimes.com,https://urologytimes.com/
294201,axa-im.asia,https://axa-im.asia/
294251,rosohrana.ru,https://rosohrana.ru/
294301,lemoncraft.ru,https://lemoncraft.ru/
294351,hopin.to,https://hopin.to/
294401,fsspx.news,https://fsspx.news/
294451,avxhm.se,https://avxhm.se/
294501,ap-siken.com,https://ap-siken.com/
294551,kompassify.com,https://kompassify.com/
294601,blackecho.us,https://blackecho.us/
294651,euro-net.ru,https://euro-net.ru/
294701,qirevo.xyz,https://qirevo.xyz/
294751,superfiliate.com,https://superfiliate.com/
294801,lukse.ru,https://lukse.ru/
294851,insidemississauga.ca,https://insidemississauga.ca/
294901,oregonproducts.com,https://oregonproducts.com/
294951,888poker.es,https://888poker.es/
295001,xyherb.xyz,https://xyherb.xyz/
295051,dns-parking.co,https://dns-parking.co/
295101,gamecircus.com,https://gamecircus.com/
295151,botify.ai,https://botify.ai/
295201,iitu.edu.kz,https://iitu.edu.kz/
295251,shortnews.de,https://shortnews.de/
295301,lenmtg.com,https://lenmtg.com/
295351,yubo.live,https://yubo.live/
295401,openolat.org,https://openolat.org/
295451,lookingglasstrade.com,https://lookingglasstrade.com/
295501,stephencovey.com,https://stephencovey.com/
295551,finisherpix.com,https://finisherpix.com/
295601,toscane-boutique.fr,https://toscane-boutique.fr/
295651,peeperly.in,https://peeperly.in/
295701,placetel.com,https://placetel.com/
295751,forward-to-friend2.com,https://forward-to-friend2.com/
295801,notepulseecho360.com,https://notepulseecho360.com/
295851,ipline.eu,https://ipline.eu/
295901,orangecountygov.com,https://orangecountygov.com/
295951,cosmetis.com,https://cosmetis.com/
296001,playlist.com,https://playlist.com/
296051,vexmanga.com,https://vexmanga.com/
296101,cohu.com,https://cohu.com/
296151,figmacorp.com,https://figmacorp.com/
296201,dmaas.de,https://dmaas.de/
296251,franco.wiki,https://franco.wiki/
296301,sincordia.co.uk,https://sincordia.co.uk/
296351,s-gala.com,https://s-gala.com/
296401,njpwworld.com,https://njpwworld.com/
296451,elmoudjahid.com,https://elmoudjahid.com/
296501,timemusics.ir,https://timemusics.ir/
296551,elma365.tech,https://elma365.tech/
296601,ferrum.com,https://ferrum.com/
296651,pixibeauty.com,https://pixibeauty.com/
296701,cognitran-cloud.com,https://cognitran-cloud.com/
296751,shopshop.cloud,https://shopshop.cloud/
296801,hzzt8.com,https://hzzt8.com/
296851,vevidental.com,https://vevidental.com/
296901,a-dova.com,https://a-dova.com/
296951,kiwa.de,https://kiwa.de/
297001,kmki.ru,https://kmki.ru/
297051,dnepr.info,https://dnepr.info/
297101,thegunnysack.com,https://thegunnysack.com/
297151,kinoart.ru,https://kinoart.ru/
297201,kitlender.com,https://kitlender.com/
297251,pwc.com.tr,https://pwc.com.tr/
297301,elasticnameserver.com,https://elasticnameserver.com/
297351,slotsmirrorfocusbuzz.co.uk,https://slotsmirrorfocusbuzz.co.uk/
297401,alaresinternet.com.br,https://alaresinternet.com.br/
297451,hostandwin.net,https://hostandwin.net/
297501,onsetcomp.com,https://onsetcomp.com/
297551,nuetel.net,https://nuetel.net/
297601,407etr.com,https://407etr.com/
297651,netiq.online,https://netiq.online/
297701,ejante.ro,https://ejante.ro/
297751,eservicegateway.com,https://eservicegateway.com/
297801,uma.ac.ir,https://uma.ac.ir/
297851,erweima.ai,https://erweima.ai/
297901,decorativemodels.com,https://decorativemodels.com/
297951,parkrun.com.au,https://parkrun.com.au/
298001,gearbooker.com,https://gearbooker.com/
298051,pepperworldhotshop.com,https://pepperworldhotshop.com/
298101,cancervic.org.au,https://cancervic.org.au/
298151,lfm.ch,https://lfm.ch/
298201,i8k1m6.com,https://i8k1m6.com/
298251,8080.media,https://8080.media/
298301,nidm.gov.in,https://nidm.gov.in/
298351,themorning.lk,https://themorning.lk/
298401,exploroz.com,https://exploroz.com/
298451,speedparts.com.au,https://speedparts.com.au/
298501,progresoweb.net,https://progresoweb.net/
298551,pisaparks.it,https://pisaparks.it/
298601,thestar.co.za,https://thestar.co.za/
298651,dfyun.com.cn,https://dfyun.com.cn/
298701,arcadeprehacks.com,https://arcadeprehacks.com/
298751,cottbus.de,https://cottbus.de/
298801,voyagerover.shop,https://voyagerover.shop/
298851,grandecran.fr,https://grandecran.fr/
298901,ondavasca.com,https://ondavasca.com/
298951,heartharena.com,https://heartharena.com/
299001,netsy.st,https://netsy.st/
299051,everafterinthewoods.com,https://everafterinthewoods.com/
299101,cnte.tn,https://cnte.tn/
299151,micmedia.ru,https://micmedia.ru/
299201,goldenbazaarblackjack.com,https://goldenbazaarblackjack.com/
299251,gotceleb.com,https://gotceleb.com/
299301,kicksmaniac.com,https://kicksmaniac.com/
299351,localnet.fi,https://localnet.fi/
299401,idealessentials.com,https://idealessentials.com/
299451,wales247.co.uk,https://wales247.co.uk/
299501,bloomnode.us,https://bloomnode.us/
299551,schoolofourlady.org,https://schoolofourlady.org/
299601,cablestogo.com,https://cablestogo.com/
299651,ohitv.vip,https://ohitv.vip/
299701,chinahighsoft.com,https://chinahighsoft.com/
299751,bracketlabsprox.com,https://bracketlabsprox.com/
299801,mail-vert.fr,https://mail-vert.fr/
299851,termgw.com,https://termgw.com/
299901,datamed.info,https://datamed.info/
299951,marlenemukai.com.br,https://marlenemukai.com.br/
