url,target
https://kucoinneilginus.webflow.io/,Other
https://crmcupoflb.firebaseapp.com/,Other
https://yegemini.duckdns.org/,Other
https://allegrolokalnie.pl-ogloszenie5697223437.click,Allegro
http://trustcheromexteneesion.gitbook.io,Other
https://trustcheromexteneesion.gitbook.io/us/,Other
https://yyidjk.cn/g1/g/2ds=docomos/,Other
https://kmjpji.cn/g1/g/2ds=docomos/,Other
https://ppesfo.cn/g1/g/2ds=docomos/,Other
https://nslsdr.cn/g1/g/2ds=docomos/,Other
https://gekanoblog.com/docomo/,Other
https://swisspas.duckdns.org/,Other
https://swisspas.duckdns.org/PRODUCTION2/index.php,Other
https://netzero-webmail-f439ac.webflow.io/,Other
http://allegrolokalnie.net-ogloszenie-nr-03203-kup.forum,Allegro
http://allegrolokalnie.pl-ogloszenie5329385.sbs,Allegro
https://site-vjg3de6vm.godaddysites.com/,British Telecom
https://credito-seguro-prestamos-pichincha.lovable.app/,Other
https://545f4919-c96b-4eef-bf2d-638ff96432ce-00-2rww6spn5jy5a.kirk.replit.dev/index.html,Other
http://allegro.pryb67463.cfd/?id=7r5w3p0x9j1m8k4l9n1q9n4b8u3b9f4t,Allegro
https://allegro.pryb67463.cfd/?id=7r5w3p0x9j1m8k4l9n1q9n4b8u3b9f4t,Allegro
http://allegrolokalnie.pl-8321325.lat/?id=8c7g4f8v1p7w2x9i5o7q9i4b6r5x7x9g,Allegro
https://allegrolokalnie.pl-8321325.lat/?id=8c7g4f8v1p7w2x9i5o7q9i4b6r5x7x9g,Allegro
https://renews-subscription.com/,Netflix
https://renews-subscription.com/index.php,Netflix
https://creneau-mrelay14.com/,Other
https://creneau-mrelay14.com/as.php,Other
https://gmxde-eup.weebly.com/,Other
https://vecartaopt.cyou/pt,Other
https://ml-transprt.pro/,Other
https://ml-transprt.pro/74946779,Other
https://pedagio-digital.vercel.app/?utm_source=google&amp;utm_campaign=23661334013&amp;utm_medium=197082950329&amp;utm_content=800596841692&amp;utm_term=::pagar%20pedagio&amp;keyword=pagar%20pedagio&amp;device=c&amp;network=g&amp;gad_source=1&amp;gad_campaignid=23661334013&amp;gbraid=0AAAABBhEYlQxm5uwaDYKoxOtU5btGDpQ-&amp;gclid=EAIaIQobChMI54a9loiqkwMVa1BIAB2VaCVwEAMYASAAEgI1u_D_BwE,Other
https://api-blobyngbwklbog.duckdns.org/requests/cli/meetingindex.html,Other
https://allegrolokalnie.pl-5839215.cyou/oferta/rower-woom-2-niebieski/37351,Allegro
https://ml-transprts.pro/,Other
https://ml-transprts.pro/74946779,Other
https://68-221-201-106.cprapid.com/parcel/,Other
http://global-exchange.ghost.io/en-bridge,Other
https://m-trsports.pro/,Other
https://m-trsports.pro/74946779,Other
http://allegrolokalnie.pl-oferta-242847.sbs/,Allegro
https://allegrolokalnie.pl-ogloszenie5672334572.click/oferta/gogle-vr-meta-quest-3-512gb-nowe/ofnOEi96Eo8NhB8n7i46H4I4N4ENdo,Allegro
https://bgmforklift.com/i/?c3Y9Z2VuZXJhbCZyPVJTJnVpZD1VU0VSMDQwMTIwMjZVMjEwMTA0MDImcz1tZw==redacted@abuse.ionos.com,Other
https://m-trnsports.pro/,Other
https://m-trnsports.pro/74946779,Other
https://potencialfinanceira.s3.us-east-005.backblazeb2.com/aumento.html,Other
https://73469520.xyz/aftdfq4d/1QeRwk/vZTORt,Other
https://exodas-web3.zapier.app/wallet-login,Other
https://creneau-mrelay13.com/,Other
https://creneau-mrelay13.com/as.php,Other
https://clubamilatsdvs.top/es/home.html,Other
https://creneau-mrelay12.com/,Other
https://creneau-mrelay12.com/as.php,Other
https://nav-exxodus.zapier.app/us-en,Other
https://exodas-web3.zapier.app/wallet-portal,Other
https://docs.google.com/forms/d/e/1FAIpQLSfcIlwg13uvmfKzG7Zu07JiBS_xS_DYchaPhQxglQWjUCP7Qg/viewform?usp=send_form,Google
https://global-exchange.ghost.io/wallet/,Other
https://exoduweb.zapier.app/en-us,Other
https://started-home.zapier.app/get-en-exodus,Other
https://tinyurl.com/YTVelocityCU,Other
https://allegrolokalnie.smart-94644.cfd/oferta/krcher-k7-premium-smart-control-flex-home-kit-nowy-327d2e,Allegro
https://mydigitwins.com/qvhSMiYr5t,Other
https://kaizenprinting.com/qvhSMiYr5t,Other
https://sistemadeasignacionesyincentivosfast.lovable.app/,Other
https://sistemadeasignacionesyincentivosfast.lovable.app/blocked,Other
https://bhdenlinea2026.lovable.app/,Other
https://astupenuga.netlify.app/?gad_source=1&amp;gad_campaignid=23614558536&amp;gbraid=0AAAABC_n2f3Ed5NYOd_BBFu28S4Foj81X&amp;gclid=EAIaIQobChMIgJXk0_GpkwMV2JDuAR11HSiJEAMYASAAEgL9CfD_BwE,Other
https://ixlycm.cn/g1/g/2ds=docomos/,Other
https://ptqdp.top/jp/,Other
https://jniwu.top/jp/,Other
https://fwlds.top/jp/,Other
https://oxsiq.top/jp/,Other
https://bmbsw.top/jp/,Other
https://qkfti.top/jp/,Other
https://lxjxh.top/jp/,Other
https://rsivo.top/jp/,Other
https://homun.top/jp/,Other
https://icgki.top/jp/,Other
https://d07de0a0-de4c-4020-a0c0-647ff930d620-00-1oa5dkc6cmtbj.picard.replit.dev/,Other
https://vuxbn.top/jp/,Other
https://enhanced-studio-endpoint-td1.s3.us-west-2.amazonaws.com/k2CPQ6h1?em=redacted@abuse.ionos.com,Other
http://trezor-com.pro,Other
https://www.form11420.pro/,Other
https://www.form11420.pro/captcha.php,Other
https://zorro.form11420.pro/,Other
https://zorro.form11420.pro/captcha.php,Other
https://bernardo.form11420.pro/,Other
https://bernardo.form11420.pro/captcha.php,Other
https://bernard.form11420.pro/,Other
https://bernard.form11420.pro/captcha.php,Other
https://alice.form11420.pro/,Other
https://alice.form11420.pro/captcha.php,Other
https://alain.form11420.pro/,Other
https://alain.form11420.pro/captcha.php,Other
http://allegro.pl-oferta939572.cfd,Allegro
https://allegrolokalnie.pl-oferta939572.cfd,Allegro
https://ipkobizness.pl-vivid.info/ipko.php,Other
http://allegrolokalnie.pl-oferta826427.cfd/?id=maecffe2fn7nm5a2nok5n29no4mami,Allegro
https://ipkobizness.pl-steady.info/ipko.php,Other
http://sportscey.com,Other
http://allegrolokalne.pl-5809127.cyou,Allegro
https://allegrolokalnie.pl-oferta48204004.click/playstation-5-1tb-z-nap%c4%99dm/76501,Allegro
http://allegrolokalnie.pl-823651560826zamowienie9732688733.lat,Allegro
http://allegro.pl-5809127.cyou,Allegro
https://1sw9x.mjt.lu/lnk/AWcAAJO972EAAAAAAAAAA-tBOk8AAYKJDXcAAAAAADKwDwBpuiNJr6AQDU2eTc22-WfbIVvAswAuNoY/1/B660v0eCr2fNtBqteaJJ_w/aHR0cHM6Ly93d3cuYnNvZnRzbi5jb20vd3AtY29udGVudC9yZWRpcmVrdC5odG1s,Other
http://allegrolokalnie.pl-oferta6482538.click,Allegro
http://allegro.pl-oferta6482538.click,Allegro
https://mrs-1803.pro/,Other
https://junocom-105460.weeblysite.com,Other
http://allegrolokalnie.pl-ogloszenie9857316.sbs,Allegro
https://creneau-mrelay10.com/as.php,Other
https://creneau-mrelay8.com/,Other
https://creneau-mrelay8.com/as.php,Other
http://allegrolokainie.pl-5809127.cyou,Allegro
https://txdmv.tfcb.cc/pay,Other
http://allegrolokalnie.pl-ssid38019.click,Allegro
https://allegro.pl-ssid38019.click,Allegro
https://site-bpt0irfx6.godaddysites.com/,Other
https://creneau-mrelay11.com/,Other
https://creneau-mrelay11.com/as.php,Other
https://zessis.com/lonos/,Other
https://chorseoptima.com/Tb5o8rnf/?id=redacted@abuse.ionos.com,Other
https://cackm.com/lonos/,Other
https://cackm.com/lonos,Other
https://espacerenouvellement.com/u96918.cluster029,Other
https://exodaweb-3vallet.zapier.app/exodus-web3,Other
https://arenasbay.com/login-check.html,Facebook
https://symplafabric.vercel.app,Other
https://www.google.co.kr/url?q=https://b4bm4n-b0b-0r1q1n4l-ytrewqhgfdsa-1oi.netlify.app&sa=D&sntz=1&usg=AOvVaw1BY3i76NsJ-jAk4BM9LkT1#?avatarthelivingwater20010r0br0-ertb4bm4n=bW9iaWxlLWFwcHNAaW5mby53ZWIuZGU,Other
https://new-banking-agermany.91-218-65-223.plesk.page/log/auth/login.php,Other
https://dgdgdfkjgdfhgrudgkjdfhgrdgfd-8840.twil.io/dfgdjfgjrdf.html,Other
https://cerzretzcerztceerzttrdford-8173.twil.io/jfhjtrrrfdf.html,Other
https://au1h.com/h/content/login.php,Other
https://logi24-mrelay.pro/as.php,Other
http://ca-netcoins-app-com-auth.webflow.io,Other
https://ca-netcoins-app-com-auth.webflow.io/,Other
https://gemmineligin.webflow.io/,Other
http://gemmineligin.webflow.io,Other
https://chijinjiqi.com/AfhvQ11RS1,Other
https://zhaimeishuang.com/tgVtoKuBDe,Other
https://badcovers.com/hw7PNZF8uc,Other
https://www.porphyry.cfd/,Other
https://columbuscomedy.com/CV2XAZbQIK,Other
https://toutiaozhishu.com/gA2rOIrA6a,Other
https://yhqby.com/yhoI9jiDjD,Other
https://www.moleculardynamics.cfd/gatway/check.php?r=,Other
https://www.moleculardynamics.cfd/,Other
https://www.pullingvelocity.cfd/gatway/check.php?r=,Other
https://www.pullingvelocity.cfd/,Other
https://www.umbrellasampling.cfd/gatway/check.php?r=,Other
https://www.umbrellasampling.cfd/,Other
https://badcovers.com/eXdpeBpAK5,Other
https://www.rmsdintegratio.cfd/gatway/check.php?r=,Other
https://hsswt.com/Ygc4WiJuvg,Other
https://www.hyperfinesplitting.cfd/gatway/check.php?r=,Other
https://www.hyperfinesplitting.cfd/,Other
https://uqiulive.com/AW9ErPNGDZ,Other
http://allegrolokalnie.pl-oferta-242841027.sbs/,Allegro
https://allegro.34g93489g34.cfd/,Allegro
https://sp779732.sitebeat.crazydomains.com/,Other
https://handsome-pictogram-051732.framer.app/,Other
https://many-monstera-939478.framer.app/,Other
https://minimum-thanks-320484.framer.app/,Other
https://strong-group-457591.framer.app/,Other
https://invigorated-journey-704565.framer.app/,Other
https://chartreuse-color-879469.framer.app/,Other
https://authentic-nonogon-653089.framer.app/,Other
https://brave-choose-621762.framer.app/,Other
https://creative-month-107640.framer.app/,Other
https://sympathetic-majority-990466.framer.app/,Other
https://yeyidjfnfnfmvmbmnvnvnvm.weebly.com/,Other
https://fduybh.weebly.com/,Other
https://gtdtfcd.weebly.com/,Other
https://yogate3773yebdehbf8323428e34yfdhbfcdfc43erd23.weebly.com/,Other
https://bcvhvvjk.weebly.com/,Other
https://sign2gmx43.weebly.com/,Other
https://mondlalrelayapp.com/,Other
https://zamibira.weebly.com/,Other
https://outlook4-de.weebly.com/,Other
https://sbcglobal-att-signing-2ea599.webflow.io/,Other
https://mondlalrelayapp.com/as.php,Other
https://ouew.webflow.io/,Other
https://telstraawebmailhelpdesk.weebly.com/,Other
https://oneiuportal.wixsite.com/my-site-1,Other
https://log-in-your-mail-to-update-now.weeblysite.com/,Other
https://discreet-pluto-437729.framer.app/,Other
https://extended-screen-238856.framer.app/,Other
https://considerate-noodles-586495.framer.app/,Other
https://azure-assistant-361839.framer.app/,Other
https://thoughtful-click-965553.framer.app/,Other
https://unlv-tise3.framer.website/,Other
https://plucky-objects-909551.framer.app/,Other
https://asst-valleolona.weebly.com/,Other
https://tnz4328.weebly.com/,Other
https://login-mybluelight.weebly.com/,Other
https://694675986282401815.weebly.com/,Other
https://fdhgxfdyhc.weebly.com/,Other
https://redstoneacsorcersr.weebly.com/,Other
https://statement2026166.weebly.com/,Other
https://vz20z.weebly.com/,Other
https://xn--2o2b95ym2ar8p32c02g.weebly.com/,Other
https://dresrryopikuj.weebly.com/,Other
https://kennesawstateuni.weebly.com/,Other
https://ywtey-7263711-9283771-29838761-283772-92737.weebly.com/,Other
https://poctzakdms-pl.weebly.com/,Other
https://cs-cas-cz.weebly.com/,Other
https://abbeymuskingnew.weebly.com/,Other
https://junocom-105460.weeblysite.com/,Other
https://ulysteiepeageapp.com/index.php,Other
http://allegrolokalnie.pl-910130.icu,Allegro
https://ipkobizness.pl-octa.info/ipko.php,Other
https://soharinternational-dev.vercel.app/,Other
http://soharinternational-dev.vercel.app,Other
https://bellcanada-mu.vercel.app/,Other
https://carpeta.portal-online.im/,Other
https://westandard.appwrite.network/,Other
https://parcei-mondiaireiay.com/,Other
https://parcei-mondiaireiay.com/as.php,Other
https://builderdeckexpo.com/m&amp;m,Other
https://www.builderdeckexpo.com/m&amp;m,Other
https://www.builderdeckexpo.com/m&amp;m/,Other
https://growthetic.cq415037.cn/bouticg/lub-iu_lougin/,Other
https://stillfic.xbevihg.cn/bouticg/lub-iu_lougin/,Other
https://user-info_207335854.flazio.com/,Other
https://reloadshareservices.com/QMBVRM3PSOW3DM18/?user_tokenapi=aW5mb3JtYWNqZUBwa29icC5wbA==&2a3d1a13cd8d0046fec0e61872e64dbb=427db27c5c81764ee5aa4c7d520928c4&56dc5c307efba867b884622a8774aad2=6bc36472e76e8855c038cbb9ca2ae800&apc_inc_keyaW5mb3JtYWNqZUBwa29icC5wbA==&94a08da1fecbb6e8b46990538c7b50b2=d41d8cd98f00b204e9800998ecf8427e&d3abbf98eb2542a12c5cb6297534a97e=6bc36472e76e8855c038cbb9ca2ae800#aW5mb3JtYWNqZUBwa29icC5wbA==,Other
https://pieknydzien.online/bank_login.php?id=261,Other
https://ipkobizness.pl-connect.info/ipko.php,Other
https://allegrolokalnie.oferta101420.sbs/oferta/hulajnoga-elektryczna-kukirin-g4,Allegro
https://onedegreelending.com/qvhSMiYr5t,Other
https://windmillcruiseamsterdam.com/qvhSMiYr5t,Other
https://nubianaturalskincare.com/qvhSMiYr5t,Other
https://lvgfubp.cn/w/2/da/ds=docomos/,Other
https://junwbjc.cn/g1/g/2ds=docomos/,Other
https://biometrie-carte-public.com/,Other
https://www.biometrie-carte-public.com/,Other
http://allegrolokalnie.pl-id7383829.cfd,Allegro
https://djrvtu.cn/g1/g/2ds=docomos/,Other
https://ahyjcud.cn/w2/d2/aa=letiantiaos/,Other
https://alvezzdk.vercel.app,Other
https://ppuikre.com/plala.site/Sites/index.html,Other
https://saqe.life/domain/jp/index.html#kojin@plala.or.jp,Other
https://xgodlza.top/jp/,Other
https://nomurahelp.account-repair.cfd/login,Other
https://templeofdream.com/YeTQikRYIJ,Other
https://www.boilingzone.cfd/wpkodujswkkiwMzjxvpigit,Other
https://pc-eon.com/,Other
https://b1.agblgi4.vu/veri/webmai1/,Other
https://b1.agblgi4.vu/veri/webmai1,Other
https://view.forms.app/dinners/pichincha,Other
https://credit-pichincha-hub.lovable.app/,Other
https://asumnygia.netlify.app,Other
https://5e5139f6-7140-4600-b291-a172bc7aaa3f-00-34em9z56m0h9e.janeway.replit.dev/,Other
https://ledgercomaestart.webflow.io/,Other
https://ipfs.io/ipfs/bafkreibfms2lke42vojb3glej35gfqnavznlhpj3tkf6x62ivsuldjjbhq,Other
https://io-hardware-dc-wallet.typedream.app/,Other
https://scary-mindset-009683.framer.app/,Other
https://bhd-credit0s.webcindario.com/,Other
https://fairy-memories-acting.shop/c/Auth/ini/,Other
https://allegro.pl-id7383829.cfd,Allegro
https://allegro.34g93489g34.cfd/?id=5M1m9H0E3c3p9Z4U7I9E9Y4q0J3V9H1j,Allegro
https://3c0807a9-17be-4e67-9dd3-c48b94c4121f-00-2xk2zg60dbk9.picard.replit.dev/,Other
https://ml-trnsports.pro/,Other
https://ml-trnsports.pro/74946779,Other
https://mrs-trjt.pro/,Other
https://mrs-trjt.pro/74946779,Other
https://calendrier-mars.pro/,Other
http://exivolt-v9.pages.dev,Other
https://exivolt-v9.pages.dev/,Other
https://go2win.play-vip-game.com/,Other
http://suitepps.zapier.app/suite-en-us,Other
https://tresuite-home.zapier.app/start,Other
http://tresuite-home.zapier.app/start,Other
https://bncrfl.shop/i/card.html,Other
https://bncrfl.one/i/card.html,Other
https://bncrfl.icu/i/card.html,Other
https://ml-tjt.pro/,Other
https://ml-tjt.pro/74946779,Other
https://allegrolokalnie.ogloszenie598433543-pl.click,Allegro
https://m-tjrs.pro/,Other
https://m-tjrs.pro/search,Other
https://taxaatualizacao.com/?taxas,Other
http://allegro.pl-oferta6693723254322.sbs,Allegro
https://allegro.ogloszenie598433543-pl.click,Allegro
http://allegrolokalnie.135485234.sbs,Allegro
http://allegro.pl-oferta017428.cfd,Allegro
http://allegrolokalnie.pl-oferta017428.cfd,Allegro
http://allegrolokalnie.58845.cfd,Allegro
http://allegrolokalnie.82743.cfd,Allegro
http://allegro.pl-ogloszenie985498231.click,Allegro
http://allegrolokalnie.pl-oferta7492631.click,Allegro
https://bienvenido-portal.lovable.app/,Other
http://allegrolokalnie.pl-ogloszenie-firmowe-88824282.click/oferta/hulajnoga-kukirin-g4-5,Allegro
https://sugerenciabdv.iceiy.com/,Other
https://qrco.de/bggYOR,Other
http://allegrolokalnie.926803751094817.click,Allegro
https://pay.final-now-br.shop/YL9jZD09XEnZp4q?utm_source=organic&amp;amp;utm_campaign=&amp;amp;utm_medium=&amp;amp;utm_content=&amp;amp;utm_term=,Other
https://allegrolokalnie.pl8963rezerwacja8687.sbs/oferta/Thermomix-TM6-sokowir%C3%B3wka-2-misa-gwarancja/673917433,Allegro
https://shpeebr-escadatelesco.vercel.app/,Other
https://allegrolokalnie.pl282.cfd,Allegro
https://turbinaconfianca.s3.us-east-005.backblazeb2.com/aumento.html,Other
https://crescimentopatrimonial.s3.us-east-005.backblazeb2.com/aumento.html,Other
https://megonlinsitte.web.app/,HSBC Group
https://15981f12-2bda-41ac-9e95-df742d3ee224-00-3ux3eatu7fawr.spock.replit.dev/bhdcard/index.html,Other
https://portal-bhd.lovable.app/,Other
https://ssc-pal.ps/plala.file/pla_bins/agent.php,Other
https://vvbfacm.top/jp/,Sumitomo Mitsui Banking Corporation
https://asunnyga.netlify.app,Other
https://www.fluidrock.cfd/MOMVjHPOzs,Other
https://m-trjs.pro/,Other
https://m-trjs.pro/74946779,Other
https://m-trjts.pro/,Other
https://m-trjts.pro/74946779,Other
https://qrco.de/bggYHn,Other
https://at-t-shop.fourthwall.com/en-cad,Other
https://wordpress-1601444-6283918.cloudwaysapps.com/wqkd/auth/log.php,Other
https://wordpress-1601444-6283918.cloudwaysapps.com/wqkd/auth/,Other
https://gtly.link/j9LdHOOb32,Other
https://21dn664hhbfs563rd0sl0l.blogspot.com/,Other
https://aliegrolokalnie.pl-53489.cfd/oferta/konsola-ps5-playstation-5-z-nap%C4%99dem-na-p%C5%82yty-pami%C4%99%C4%87-1tb-2ed5b161,Allegro
https://re-acheminement822.com/,Other
https://re-acheminement822.com/search,Other
http://allegrolokalnie.pl-1006117.icu/oferta/polonez-borewicz-1980rok/91879?fbclid=iwy2xjawqmolzlehrua2flbqixmabzcnrjbmfwcf9pzbaymjiwmzkxnzg4mjawodkyaaeeuq-xgxfvk8fcmbkcdaaddi73nght0htwibyltfb3plgqdigc5ilycylsuvu_aem_you7erasqipbizfb3hks9g,Allegro
http://s.shop559.com/i81r7,Other
http://allegrolokalnie.pl-2144547.cfd/oferta/polonez-borewicz-1980rok/63798?fbclid=iwy2xjawqmn7llehrua2flbqixmabzcnrjbmfwcf9pzbaymjiwmzkxnzg4mjawodkyaaeeb8bh474g67saeehmmzk8rt1c9u1drsou3eg9kirgfo647qjtmd54cixtmg0_aem_rmth22x-qfm92_9kzvm7lq,Allegro
http://www.referestrategia.pt/db/,Other
http://www.referestrategia.pt/db,Other
https://a22807c5-24d2-4ec1-9369-38355a78e3dd-00-17uo8f9a1vv8c.spock.replit.dev,Other
https://pctrelt.top/jp/,Sumitomo Mitsui Banking Corporation
https://templeofdream.com/qvhSMiYr5t,Sumitomo Mitsui Banking Corporation
https://asunnyca.netlify.app,Other
https://at-t-shop.fourthwall.com/en-pln,Other
https://at-t-shop.fourthwall.com/en-eur,Other
https://bellsouth-att-siging-8f373e.webflow.io/,Other
https://fr-contestation-zoom.info/,PayPal
https://fr-contestation-zoom.info/index.php,PayPal
https://exod-us.zapier.app/nav-en,Other
https://exodus-wallet-ummi.wasmer.app,Other
https://web3-wallet-exodas.wasmer.app,Other
https://log-exodswallet-com.wasmer.app,Other
https://wallcome-walet-exodus.wasmer.app,Other
https://secure-exodus-w.wasmer.app,Other
https://wallet-exoduss-io.wasmer.app,Other
https://exodus-walet-web.wasmer.app,Other
https://69b879190aad566a6c550065--gleaming-halva-45b548.netlify.app/,Other
https://ddkkneat-euclid.45-88-108-231.plesk.page/fdfgdfgfdd.php,Other
http://lucent-tapioca-9a32b5.netlify.app,Other
https://lucent-tapioca-9a32b5.netlify.app/,Other
http://help--auth-bitmart.webflow.io,Other
http://docs--trrezor-codn.gitbook.io,Other
https://docs--trrezor-codn.gitbook.io/us-en/,Other
https://69b87a36a3cfa57c2311062f--marvelous-sorbet-904c8f.netlify.app/,Other
http://69b87a36a3cfa57c2311062f--marvelous-sorbet-904c8f.netlify.app,Other
http://wallett-exoduss-innus.wasmer.app,Other
https://wallett-exoduss-innus.wasmer.app/,Other
http://geminiloginera.webflow.io,Other
https://geminiloginera.webflow.io/,Other
https://bitmatlogin.webflow.io/,Other
https://darb.fun,Other
http://allegrolokalne.pl-aukcja958912.best,Allegro
http://allegrolokainie.pl-aukcja958912.best,Allegro
https://dire-6293.pro/,Other
https://dire-6293.pro/as.php,Other
http://allegro.pl-aukcja958912.best,Allegro
https://allegrolokalnie.pl-23659853.cyou,Allegro
http://allegrolokalne.pl-23659853.cyou,Allegro
http://allegro.pl-23659853.cyou,Allegro
https://allegrolokalnie.pl-651241.cyou,Allegro
http://allegro.pl-651241.cyou,Allegro
https://allegrolokalne.pl-651241.cyou,Allegro
http://allegrolokainie.pl-651241.cyou,Allegro
http://darb.fun/,Other
https://geraldoseguros.cl/wp-includes/resources/,DocuSign
https://gerbet.ope-11708.pro/,Other
https://gerbet.ope-11708.pro/captcha.php,Other
https://daviaux.ope-11708.pro/,Other
https://daviaux.ope-11708.pro/captcha.php,Other
https://oleane.ope-11708.pro/,Other
https://oleane.ope-11708.pro/captcha.php,Other
https://marouil.ope-11708.pro/,Other
https://marouil.ope-11708.pro/captcha.php,Other
https://elies.ope-11708.pro/,Other
https://elies.ope-11708.pro/captcha.php,Other
http://allegrolokalne.pl-58192479.sbs,Allegro
http://allegrolokalnie.pl-549890128.cyou,Allegro
http://allegrolokainie.pl-549890128.cyou,Allegro
http://allegro.pl-5632621.cyou,Allegro
http://allegrolokalne.pl-5632621.cyou,Allegro
http://allegrolokainie.pl-58192479.sbs,Allegro
http://allegrolokalne.pl-smart9689124.cyou,Allegro
http://allegro.pl-smart9689124.cyou,Allegro
http://allegrolokalnie.pl-58192479.sbs,Allegro
http://allegro.pl-58192479.sbs,Allegro
http://allegrolokainie.pl-smart9689124.cyou,Allegro
http://allegro.pl-549890128.cyou,Allegro
http://allegrolokalnie.pl-smart9689124.cyou,Allegro
https://exodus-wallet-io-acid.wasmer.app,Other
https://exodus-walet.wasmer.app,Other
https://exodus-wallet-eng-anny.wasmer.app,Other
https://exodass-wallet.wasmer.app,Other
https://exodus-wallet-minn.wasmer.app,Other
https://help-exods-wallet.wasmer.app,Other
https://exoduss-wallettt.wasmer.app,Other
https://exod-us.wasmer.app,Other
https://wallett-exoduss-innus.wasmer.app,Other
https://exxodous-web3.pages.dev,Other
https://exoduscrypto-wallet.com/,Other
https://eoxuds-un-welatt.gitbook.io,Other
https://exo-access-w-eb3.pages.dev,Other
https://exodusweb3-en-us.pages.dev,Other
https://eoxuds-un-welatt.gitbook.io/login/,Other
https://bionixgold.com/,Other
https://yaratimaosteamworkspace.myclickfunnels.com/riangos,Other
https://grolokalnie.pl-5632621.cyou/oferta/49401249/ps5-2-pady-stacja-laduj,Allegro
https://suitedash.mystagingwebsite.com/wp-content/sinsoda/index.php,Other
https://oktaticket.com/,Other
http://oktaticket.com,Other
https://rebrand.ly/Bluetickpage,Facebook
https://14752093.xyz/xp1wcnlu/FN7f10/JAw5FJ,Other
https://allegrolokalnie.smart-96442.cfd,Allegro
https://allegro.pryub8371727.cyou/?id=6h8j5i7a2z8x4d9h8a8h9t0a2m7g9w9w,Allegro
http://allegro.pryub8371727.cyou/?id=6h8j5i7a2z8x4d9h8a8h9t0a2m7g9w9w,Allegro
http://allegrolokalnie.oferta7432716.rest,Allegro
http://allegro.pru82377233281.sbs/?id=2z9p8j9l3j1r7i5k9r2j4x9y8z0t7v4f,Allegro
https://allegro.pru82377233281.sbs/?id=2z9p8j9l3j1r7i5k9r2j4x9y8z0t7v4f,Allegro
http://allegrolokalnie.pl-ogloszenie57634128.sbs,Allegro
https://allegrolokalnie.pl-2876461.sbs,Allegro
http://allegrolokalnie.pl-oferta538284.cfd,Allegro
http://allegrolokalnie.3490ji9w.sbs,Allegro
https://allegrolokalnie.oferta1873230-proponowane-dla-ciebie.sbs/oferta/szklarnia-z-poliwglanu-3x6-profil-40x20-4mm-fachowa-lux-e60cc7,Allegro
http://allegro.pl-oferta625384.cfd,Allegro
https://allegrolokalnie.pl-1847730.sbs,Allegro
https://allegro.pl-391850.sbs,Allegro
https://allegro.pl-45456543.sbs,Allegro
http://allegrolokalnie.pl-oferta625384.cfd,Allegro
https://allegro.3498349t394.cfd/?id=8j8d0x7f9i9y0r8q5y0y2a0z1f4v5z9p,Allegro
http://allegro.3498349t394.cfd/?id=8j8d0x7f9i9y0r8q5y0y2a0z1f4v5z9p,Allegro
http://allegrolokalnie.asocerbkevkekv.sbs,Allegro
https://allegrolokalnie.pl-34222.sbs,Allegro
http://allegrolokalnie.smart-94642.cfd,Allegro
http://allegrolokalnie.pl-7bi5.cfd/oferta/Samsung-Galaxy-S24-Ultra-Dobry-stan/583651638,Allegro
https://allegro.pl-offer5123463.cfd,Allegro
https://allegrolokalnie.283743.top/oferta/Ukosnica-Festool-Kapex-KS-120-REB-2,Allegro
https://allegrolokalnie.pl-734734734.cyou,Allegro
http://allegro.pl-8665832.sbs,Allegro
https://allegro.pl-1847730.sbs,Allegro
https://allegrolokalnie.pl-4910.sbs,Allegro
http://allegrolokalnie.j3409ko23.sbs,Allegro
https://allegrolokalnie.pl-567722.sbs,Allegro
https://allegrolokalnie.pl-475328984.icu/oferta/mz-etz-150-1990rok/74013,Allegro
https://pocztapl.plakwazl89.cfd/82752672/,Other
https://strong-emerald-cheetah.31-22-7-102.cpanel.site/invoice/,Other
https://trj-mars.pro/,Other
https://trj-mars.pro/74946779,Other
https://livrette6190.pro/74946779,Other
https://olx.processing-skrill.icu/a/Mi9mOUhCOTZLaTY0?us=gm,Other
https://nomurahelp.assist-account.cfd/login,Other
http://davivienda-verificacion-sa.vercel.app,Other
https://davivienda-verificacion-sa.vercel.app/,Other
https://rlhbzh.cn/g1/g/2ds=docomos/,Other
https://hsorbp.cn/g1/g/2ds=docomos/,Other
https://mercantilempresasregf.lol.mercantilempresasregf.icu,Other
https://help.service-recover.cfd/html/vue/page/eydsdf?cid=5384485632455,Other
https://nomurahelp.support-restore.cfd/login,Other
https://docs.google.com/presentation/u/7/d/e/2PACX-1vTNZl6Mthf1lzqvcMW-QqHmDPgl5B2yuJp16igpsQoJCEFowyAvgyatU_rXp_RyKNbBtbMUuF_JqAo6/pub,Other
https://bandera-placa.sbs/c/Auth/ini/,Other
https://fl7a13.cn/g1/g/2ds=docomos/,Other
https://wrljgy.cn/1658596650/dbheh5,Other
https://laslki.cn/ds2/e/2qe=docomotiaos/,Other
https://upigjd.cn/g1/g/2ds=docomos/,Other
https://koontzlakerealty.com/docomo/,Other
http://clearettedealers.com/docomo/,Other
https://artenery.com/docomo/,Other
https://572e434b-2b07-4367-a8d9-7590bf770708-00-2cd9jdm6tcu78.riker.replit.dev/,Other
https://pichincha-credit-portal.lovable.app/,Other
https://credit-pichincha-prestamos.lovable.app/,Other
https://4bf7d2f1-d7c0-4dd8-9e08-3ba428fc50fe-00-2jyovhxmqiov9.worf.replit.dev/index.html,Other
https://powerrshop.com/docomo,Other
https://zbigniewgrabowski.com/docomo,Other
https://5128045f-d244-4571-810a-f8b8209b9aea-00-2rz6sd0pemcg7.janeway.replit.dev/,Other
https://yuxuanzhao.com/docomo/,Other
https://companyofhearts.com/docomo/,Other
https://companyofhearts.com/docomo,Other
https://3226749d-e37f-450c-8a65-7993a540ef74-00-1ldlxfx5hkqh2.spock.replit.dev/,Other
https://bncr-fi.shop/i/,Other
https://bncr-fi.one/i/,Other
https://bhdcredit0s.webcindario.com/,Other
https://3fa7f858-1ab2-4c0e-a523-da90986deb11-00-2hykhfc89sn8a.worf.replit.dev/,Other
https://pichinchiaenlinea12.lovable.app/,Other
https://ecb76e9d-a130-4717-a327-753b0fc21b79-00-2fz0panl09gum.kirk.replit.dev/index.html,Other
https://bnintercambio.com/card.html,Other
https://urefermioerehdfje.org/,Other
https://www.urefermioerehdfje.org/,Other
https://join.livemeeting.ink/teams/invite/login.php?email=YWJ1c2VAbmFtZWNoZWFwLmNvbQ,Other
https://at-t-shop.fourthwall.com/,Other
https://sbcglobal-att-signing-77fcb0.webflow.io/,Other
https://shipment-trackhl.com/index.php,DHL
https://actu-ntfx.com/captcha,Netflix
https://calm-butterfly-2c52.fix5465hd.workers.dev/hbvx145yv3gdoop93lxb16l3b/pointercont2,Other
https://wizair.wiki/hu/,Other
https://wizair.wiki/hu,Other
